URL,Method
https://www.google.com,GET
https://www.example.com,POST
https://httpbin.org/put,PUT
https://jsonplaceholder.typicode.com/posts,GET
https://jsonplaceholder.typicode.com/posts/1,GET
https://reqres.in/api/users,POST
https://pokeapi.co/api/v2/pokemon/ditto,PUT
https://dog.ceo/api/breeds/image/random,GET
https://www.boredapi.com/api/activity,POST
https://official-joke-api.appspot.com/random_joke,GET
https://api.coindesk.com/v1/bpi/currentprice.json,GET
https://catfact.ninja/fact,GET
https://api.ipify.org?format=json,GET
https://www.example.com,GET
https://en.wikipedia.org/wiki/HTTP,GET
https://thisurldoesnotexist.tld,GET
https://www.reddit.com,GET
https://httpbin.org/get,GET
https://reqres.in/api/users?page=2,GET
https://www.github.com,POST
https://api.openweathermap.org/data/2.5/weather?q=London&appid=your_api_key,GET
https://api.nasa.gov/planetary/apod?api_key=DEMO_KEY,GET
https://jsonplaceholder.typicode.com/users,POST
https://httpbin.org/post,POST
https://jsonplaceholder.typicode.com/posts/1,PUT
https://api.spacexdata.com/v4/launches/latest,GET
https://api.genderize.io?name=lucas,GET
https://api.openai.com/v1/completions,POST
https://api.stripe.com/v1/charges,POST
https://www.w3schools.com,GET
https://api.github.com/repos/octocat/hello-world,GET
https://dog.ceo/api/breeds/image/random,GET
https://www.bbc.com,GET
https://www.stackoverflow.com,GET
https://www.python.org,GET
https://www.microsoft.com,GET
https://www.apple.com,GET
https://www.netflix.com,GET
https://www.amazon.com,GET
https://www.yahoo.com,GET
https://www.reddit.com/r/programming,GET
https://www.quora.com,GET
https://www.linkedin.com,GET
https://www.stackexchange.com,GET
https://www.medium.com,GET
https://www.github.com,GET
https://www.docker.com,GET
https://www.google.com/maps,GET
https://www.khanacademy.org,GET
https://www.ted.com,GET
https://www.digitalocean.com,GET
https://www.codingame.com,GET
https://www.codewars.com,GET
https://www.freecodecamp.org,GET
https://www.codecademy.com,GET
https://www.udemy.com,GET
https://www.coursera.org,GET
https://www.edx.org,GET
https://www.udacity.com,GET
https://www.pluralsight.com,GET
https://www.codecademy.com,POST
https://www.blog.google,GET
https://www.asana.com,GET
https://www.trello.com,GET
https://www.spotify.com,GET
https://www.reddit.com/r/learnprogramming,GET
https://www.nytimes.com,GET
https://www.huffpost.com,GET
https://www.bbc.co.uk,GET
https://www.theguardian.com,GET
https://www.cnn.com,GET
https://www.aljazeera.com,GET
https://www.npr.org,GET
https://www.washingtonpost.com,GET
https://www.politico.com,GET
https://www.scribd.com,GET
https://www.excel.com,GET
https://www.lumen5.com,GET
https://www.buzzfeed.com,GET
https://www.businessinsider.com,GET
https://www.mashable.com,GET
https://www.scribbr.com,GET
https://www.jstor.org,GET
https://www.scholarsphere.psu.edu,GET
https://www.citeulike.org,GET
https://www.academia.edu,GET
https://www.arxiv.org,GET
https://www.gutenberg.org,GET
https://www.nature.com,GET
https://www.sciencedirect.com,GET
https://www.springer.com,GET
https://www.wiley.com,GET
https://www.journals.sagepub.com,GET
https://www.psychologytoday.com,GET
https://www.smithsonianmag.com,GET
https://www.nationalgeographic.com,GET
https://www.cbsnews.com,GET
https://www.reuters.com,GET
https://www.nbcnews.com,GET
https://www.abcnews.com,GET
https://www.reddit.com/r/learnpython,GET
https://www.superuser.com,GET
https://www.stackoverflow.com/questions,GET

